,Neighborhood,Class,Subclass,Group,Cluster,cluster_id,cell_type_ontology_term,load_id,donor_id,assay,assay_ontology_term_id,organism,organism_ontology_term_id,development_stage,anatomical_region,anatomical_region_merged,anatomical_region_ontology_term_id,brain_region_ontology_term_id,self_reported_sex,self_reported_sex_ontology_term_id,self_reported_ethnicity,self_reported_ethnicity_ontology_term_id,disease,disease_ontology_term_id,suspension_type,is_primary_data,atac_confidently_mapped_read_pairs,atac_fraction_of_genome_in_peaks,atac_fraction_of_high_quality_fragments_in_cells,atac_fraction_of_high_quality_fragments_overlapping_tss,atac_fraction_of_high_quality_fragments_overlapping_peaks,atac_fraction_of_transposition_events_in_peaks_in_cells,atac_mean_raw_read_pairs_per_cell,atac_median_high_quality_fragments_per_cell,atac_non_nuclear_read_pairs,atac_number_of_peaks,atac_percent_duplicates,atac_q30_bases_in_barcode,atac_q30_bases_in_read_1,atac_q30_bases_in_read_2,atac_q30_bases_in_sample_index_i1,atac_sequenced_read_pairs,atac_tss_enrichment_score,atac_unmapped_read_pairs,atac_valid_barcodes,gex_fraction_of_transcriptomic_reads_in_cells,gex_mean_raw_reads_per_cell,gex_median_umi_counts_per_cell,gex_median_genes_per_cell,gex_percent_duplicates,gex_q30_bases_in_umi,gex_q30_bases_in_barcode,gex_q30_bases_in_read_2,gex_q30_bases_in_sample_index_i1,gex_q30_bases_in_sample_index_i2,gex_reads_mapped_antisense_to_gene,gex_reads_mapped_confidently_to_exonic_regions,gex_reads_mapped_confidently_to_genome,gex_reads_mapped_confidently_to_intergenic_regions,gex_reads_mapped_confidently_to_intronic_regions,gex_reads_mapped_confidently_to_transcriptome,gex_reads_mapped_to_genome,gex_reads_with_tso,gex_sequenced_read_pairs,gex_total_genes_detected,gex_valid_umis,gex_valid_barcodes,total_counts,total_genes,doublet_score,organism_sci,accession_group,embedding_set,CL:ID_group,tokens_group,display_order_group,literature_support,literature_name_short,literature_name_long,curated_markers,color_hex_group,color_group,accession_subclass,CL:ID_subclass,tokens_subclass,display_order_subclass,color_hex_subclass,color_subclass,accession_class,CL:ID_class,tokens_class,display_order_class,color_hex_class,color_class,accession_neighborhood,CL:ID_neighborhood,tokens_neighborhood,display_order_neighborhood,color_hex_neighborhood,color_neighborhood,cell_barcode,barcoded_cell_sample_label,alignment_job_database
count,1034819,1034819,1034819,1034819,1034819,1034819,1034819,1034819,1034819,1034819,1034819,1034819,1034819,1034819,1034819,1034819,1034819,1034819,1034819,1034819,1034819,1034819,1034819,1034819,1034819,1034819,1034819.0,1034819.0,1034819.0,1034819.0,1034819.0,1034819.0,1034819.0,1034819.0,1034819.0,1034819.0,1034819.0,1034819.0,1034819.0,1034819.0,1034819.0,1034819.0,1034819.0,1034819.0,1034819.0,1034819.0,1034819.0,1034819.0,1034819.0,1034819.0,1034819.0,1034819.0,1034819.0,1034819.0,1034819.0,1034819.0,1034819.0,1034819.0,1034819.0,1034819.0,1034819.0,1034819.0,1034819.0,1034819.0,1034819.0,1034819.0,1034819.0,1034819.0,1034819.0,1034819.0,1034819,1034819,1034819,979401,1034819,1034819.0,992308,495399,6064,525646,1034819,0.0,1034819,953395,1034819,1034819.0,1034819,0.0,1034819,496177,1034819,1034819.0,1034819,0.0,1034819,500235,1034819,1034819.0,1034819,0.0,1034819,1034819,1034819
unique,4,12,36,60,453,453,1,204,10,1,1,1,1,1,19,9,1,1,2,2,1,1,1,1,1,1,,,,,,,,,,,,,,,,,,,,,,,,,,,,,,,,,,,,,,,,,,,,,1,60,4,28,60,,13,18,2,24,58,,36,18,36,,36,,12,6,12,,12,,4,2,4,,4,,556413,204,1
top,Subpallium GABA,CN LGE GABA,STR D2 MSN,Oligo OPALIN,Human-1,Human-1,CL:0000003,822_A01,H24.30.004,10x multiome,EFO_0030059,Human,NCBITaxon:9606,Adult,GPe,Pu,Unknown,Unknown,Male,PATO:0000384,unknown,Homo sapiens,normal,PATO:0000461,nucleus,True,,,,,,,,,,,,,,,,,,,,,,,,,,,,,,,,,,,,,,,,,,,,,Homo sapiens,CS20250428_GROUP_0025,Nonneuron,CL:0000128,Oligo|OPALIN,,He et al. 2021,D2-Matrix,Border-associated macrophages,STXBP6,#488edc,,CS20250428_SUBCL_0029,CL:4023029,STR|D2 MSN,,#253c8c,,CS20250428_CLASS_0003,CL:0000095,CN|LGE|GABA,,#d0b83c,,CS20250428_NEIGH_0002,CL:0000000,Subpallium|GABA,,#19613b,,TAGGCTGTCCGTTAAA,822_A01,AIBS
freq,525180,454685,207640,145491,141852,141852,1034819,10543,169312,1034819,1034819,1034819,1034819,1034819,147607,286042,1034819,1034819,566987,566987,1034819,1034819,1034819,1034819,1034819,1034819,,,,,,,,,,,,,,,,,,,,,,,,,,,,,,,,,,,,,,,,,,,,,1034819,145491,499952,201862,145491,,442986,131276,3486,253629,145491,,207640,207640,207640,,207640,,454685,237063,454685,,454685,,525180,493522,525180,,525180,,10,10543,1034819
mean,,,,,,,,,,,,,,,,,,,,,,,,,,,0.8984099335246067,0.03570490027724655,0.7668332285162913,0.2336807836926071,0.30295114382321936,0.2740058491388349,149337.521357824,35867.3998341739,0.004697191586161445,130538.97858176164,0.4740446997977424,0.9162631332629184,0.9487451078884327,0.943855459843702,0.9180170078052298,1121421302.6393602,4.832089731634229,0.012673329828694681,0.9773731749223777,0.8420688074919381,157409.0463944545,12558.31518797007,3856.18205212699,0.7428872014332942,0.9622508547871657,0.9522256870042007,0.9523313838458707,0.95019545002556,0.9494990783895542,0.14199868025229534,0.1504421339383989,0.916954337328557,0.07087929695917837,0.6956349980044819,0.6929394804308774,0.9614030699088439,0.22701357638388936,1238503938.0888252,33395.8041425602,0.9972462368781401,0.9367982754472038,19730.38345546419,4474.05206900917,0.05651201240777132,,,,,,28.641718020252817,,,,,,,,,,17.80107825619746,,,,,,6.056166344065967,,,,,,2.0252044077273417,,,,,
std,,,,,,,,,,,,,,,,,,,,,,,,,,,0.012081565648569463,0.005643752064537879,0.0919301787238355,0.03174709618784996,0.0571599274469648,0.05389015758333969,66371.93522952465,12169.589445486594,0.0030886032522788104,20378.052674489252,0.10712105255622166,0.020455558849001042,0.01212931818606589,0.010658615197045225,0.027935106503759268,412411012.48178834,0.722817324018687,0.004839237614271786,0.007480231349124282,0.09706005169862782,66713.96633272483,8496.234735755334,1411.1679001091163,0.11695131990785781,0.01067993953071969,0.011937334700219428,0.013086258788233584,0.030667875650106112,0.027538615720349074,0.04502101308167926,0.020381394655463233,0.018652715641527085,0.00436759342072648,0.025309691505732406,0.04135645478771053,0.009785553074622724,0.1036860915436752,243381293.53694326,360.2579118322777,0.0016962156042205866,0.016181327399890477,18737.83918757965,2196.7742139745233,0.06884011731464565,,,,,,22.600229823521808,,,,,,,,,,13.173496112459127,,,,,,3.808919855532478,,,,,,0.9958188434472629,,,,,
min,,,,,,,,,,,,,,,,,,,,,,,,,,,0.8681,0.019,0.4509,0.1539,0.1584,0.136,29479.2214,2794.0,0.001,70051.0,0.2004,0.8503,0.896,0.9126,0.8098,-2057184517.0,3.1077,0.0069,0.9397,0.3239,35804.0576,1356.0,1095.0,0.2201,0.9316,0.9223,0.9112,0.7898,0.8544,0.0615,0.1125,0.8155,0.0569,0.5791,0.4558,0.8914,0.0001,398105316.0,31357.0,0.993,0.8003,2000.0,1001.0,0.0,,,,,,1.0,,,,,,,,,,1.0,,,,,,1.0,,,,,,1.0,,,,,
25%,,,,,,,,,,,,,,,,,,,,,,,,,,,0.8888,0.0315,0.7039,0.2116,0.2613,0.2347,105176.3321,26815.5,0.0023,116330.0,0.3999,0.9029,0.9418,0.9375,0.8999,1014833725.0,4.3378,0.0095,0.9728,0.8014,115432.7746,6951.0,2861.0,0.6743,0.9527,0.9438,0.9442,0.9371,0.936,0.1067,0.136,0.9101,0.0679,0.6828,0.6662,0.958,0.1463,1072948284.0,33191.0,0.9959,0.9303,5872.0,2544.0,0.0,,,,,,9.0,,,,,,,,,,7.0,,,,,,3.0,,,,,,1.0,,,,,
50%,,,,,,,,,,,,,,,,,,,,,,,,,,,0.8983,0.0358,0.7751,0.2339,0.3002,0.2698,144319.0698,35400.0,0.0037,130864.0,0.4646,0.9143,0.9506,0.9444,0.9226,1150092784.0,4.7503,0.0113,0.9794,0.8663,150800.3004,9881.5,3576.0,0.7687,0.9625,0.9542,0.9528,0.9572,0.9548,0.1392,0.1475,0.9233,0.0705,0.6999,0.6972,0.9646,0.2077,1248574187.0,33446.0,0.9974,0.9384,12494.0,4062.0,0.0303030303030303,,,,,,27.0,,,,,,,,,,18.0,,,,,,7.0,,,,,,3.0,,,,,
75%,,,,,,,,,,,,,,,,,,,,,,,,,,,0.9066,0.0388,0.8486,0.2534,0.3312,0.2976,178204.1231,43259.0,0.0062,141765.0,0.5388,0.9368,0.9577,0.9512,0.9413,1325512665.0,5.2848,0.0142,0.9836,0.9102,185873.5543,15876.0,4731.0,0.8285,0.9724,0.9614,0.9632,0.9731,0.9704,0.1758,0.1624,0.9286,0.0731,0.7142,0.7243,0.9669,0.3045,1404982969.0,33626.0,0.9984,0.9466,27983.0,6295.0,0.0810810810810811,,,,,,52.0,,,,,,,,,,31.0,,,,,,10.0,,,,,,3.0,,,,,
max,,,,,,,,,,,,,,,,,,,,,,,,,,,0.9239,0.0548,0.9188,0.3282,0.4831,0.4552,1005437.2554,80846.5,0.0187,200098.0,0.8719,0.9564,0.9705,0.9675,0.9632,1743220201.0,7.3273,0.0471,0.9873,0.9676,982676.2762,64075.5,8261.0,0.9545,0.9791,0.9766,0.9719,0.99,0.9874,0.3679,0.2698,0.9415,0.0847,0.7313,0.7654,0.9733,0.5894,2073005465.0,34369.0,0.9996,0.9662,99999.0,12217.0,0.35,,,,,,62.0,,,,,,,,,,36.0,,,,,,12.0,,,,,,4.0,,,,,
