,motif_name,idx_uniq,category,result,Cluster_ChromBPNet,annotation_broad,component_motifA,component_motifB,seqA,seqB,best_orientation,best_distance_between_motifs,best_dist_centers,best_seq,joint_effect_log_counts,joint_vs_sum_p_value,joint_vs_sum_p_value_adj,Z_scored_joint_effect,independent_effect,seqA_palindrome,seqB_palindrome
count,120,120.0,120,120,120,120,120,120,120,120,120,120.0,120.0,120,120.0,120.0,120.0,120.0,120.0,120,120
unique,120,,2,4,57,92,45,45,45,69,5,,,120,,,,,,3,3
top,106|BZIP:ATF/CREB_MEF2,,heterocomposite,no synergy,Skin_c0,BHLH_BHLH,BHLH,SP/KLF,CAGCTG,GCCCCGCCC,HH,,,TCACGTCANNNNCTAAAAATAG,,,,,,-,-
freq,1,,90,53,9,8,12,10,16,10,33,,,1,,,,,,56,94
mean,,207.0,,,,,,,,,,6.666666666666667,13.941666666666666,,0.5346947845833334,0.0023497208996179995,0.0024156881662480696,6.468873955799509,0.2727660437424973,,
std,,136.40929513167103,,,,,,,,,,9.431159987588195,9.60067910179724,,0.3482987867865651,0.011814169772252437,0.011947898364335682,4.453045452578169,0.2220531720291145,,
min,,1.0,,,,,,,,,,0.0,4.0,,0.0855242,1.94827992254795e-18,7.35940671048895e-17,2.05627881238648,0.0399681702256202,,
25%,,78.0,,,,,,,,,,1.0,9.0,,0.3037246425,4.76451735700221e-16,2.00630235471558e-15,3.1247276204828025,0.12342508137226026,,
50%,,208.5,,,,,,,,,,4.0,11.0,,0.45681099999999997,2.58444138049328e-11,5.6059300110710546e-11,4.55234614949731,0.206533074378967,,
75%,,313.5,,,,,,,,,,6.0,14.0,,0.666983025,2.3352995611654377e-06,3.1803504183699925e-06,8.75732462074385,0.34165086597204125,,
max,,467.0,,,,,,,,,,46.0,53.0,,1.832275,0.111117745643468,0.111928824078822,19.883507404703,1.38191294670104,,
