,cell_label,PTPRC,DRD1,SLC17A6,DRD2,AQP4,SLC32A1,PLP1
count,1683105,1683105.0,1683105.0,1683105.0,1683105.0,1683105.0,1683105.0,1683105.0
unique,1683105,,,,,,,
top,AAACAGCCAAATGCCC-2362_A05,,,,,,,
freq,1,,,,,,,
mean,,0.9185282299939234,0.928858276673894,0.18287973967919038,1.7187812721373266,1.4582415377740185,0.4499192231313838,4.069798596708744
std,,2.7644099453865256,2.2241040144682644,1.1297639009151421,3.2476367311788974,3.189867224533478,1.5073606843041778,4.601326783603672
min,,0.0,0.0,0.0,0.0,0.0,0.0,0.0
25%,,0.0,0.0,0.0,0.0,0.0,0.0,0.0
50%,,0.0,0.0,0.0,0.0,0.0,0.0,0.0
75%,,0.0,0.0,0.0,0.0,0.0,0.0,8.350329399108887
max,,15.098719596862791,15.761669158935549,14.539311408996582,14.472200393676758,17.124223709106445,14.722168922424316,16.346622467041016
