,cell_label,PTPRC,DRD1,SLC32A1,SLC17A6,DRD2,AQP4,PLP1
count,839102,839102.0,839102.0,839102.0,839102.0,839102.0,839102.0,839102.0
unique,839102,,,,,,,
top,AAACAGCCAGGGAGCT-1061_B04,,,,,,,
freq,1,,,,,,,
mean,,0.8836659443574616,1.1970500353315754,0.7081403492114472,0.24601589402489385,2.1446794904286945,0.8548315859342214,2.7254979578317347
std,,2.704667213298013,2.5643358453495266,1.9429098492096537,1.291840863321864,3.610228981554475,2.607973305944438,4.333986743734852
min,,0.0,0.0,0.0,0.0,0.0,0.0,0.0
25%,,0.0,0.0,0.0,0.0,0.0,0.0,0.0
50%,,0.0,0.0,0.0,0.0,0.0,0.0,0.0
75%,,0.0,0.0,0.0,0.0,5.804538249969482,0.0,5.950063109397888
max,,14.876334190368652,14.472200393676758,12.464218139648438,12.60088348388672,13.505428314208984,14.931614875793455,14.916665077209473
