,Neighborhood,Class,Subclass,Group,Cluster,cluster_id,cell_type_ontology_term,load_id,donor_id,assay,assay_ontology_term_id,organism,organism_ontology_term_id,development_stage,anatomical_region,anatomical_region_merged,anatomical_region_ontology_term_id,brain_region_ontology_term_id,self_reported_sex,self_reported_sex_ontology_term_id,self_reported_ethnicity,self_reported_ethnicity_ontology_term_id,disease,disease_ontology_term_id,suspension_type,is_primary_data,RNA_library_creation_date,RNA_library_prep_set,RNA_library_name,RNA_tapestation_avg_size_bp,RNA_library_num_cycles,RNA_lib_quantification_ng,RNA_library_pool_name,ATAC_library_creation_date,ATAC_library_prep_set,ATAC_library_name,ATAC_tapestation_avg_size_bp,ATAC_library_num_cycles,ATAC_lib_quantification_ng,ATAC_library_pool_name,RNA_r1_index,RNA_r2_index,ATAC_index,total_counts,total_genes,doublet_score,organism_sci,accession_group,embedding_set,CL:ID_group,tokens_group,display_order_group,literature_support,literature_name_short,literature_name_long,curated_markers,color_hex_group,color_group,accession_subclass,CL:ID_subclass,tokens_subclass,display_order_subclass,color_hex_subclass,color_subclass,accession_class,CL:ID_class,tokens_class,display_order_class,color_hex_class,color_class,accession_neighborhood,CL:ID_neighborhood,tokens_neighborhood,display_order_neighborhood,color_hex_neighborhood,color_neighborhood,cell_barcode,barcoded_cell_sample_label,alignment_job_id,alignment_job_database
count,313033,313033,313033,313033,313033,313033,313033,313033,313033,313033,313033,313033,313033,313033,313033,313033,313033,313033,313033,313033,313033,313033,313033,313033,313033,313033,313033.0,313033,313033,313033.0,313033.0,313033,313033,313033.0,313033,313033,313033.0,313033.0,313033.0,313033,313033,313033,313033,313033.0,313033.0,313033.0,313033,313033,313033,266130,313033,313033.0,270550,139475,1561,150036,313033,0.0,313033,259533,313033,313033.0,313033,0.0,313033,135487,313033,313033.0,313033,0.0,313033,142509,313033,313033.0,313033,0.0,313033,313033,313033.0,313033
unique,4,12,34,56,594,594,1,123,4,1,1,1,1,1,1,1,1,1,1,1,1,1,1,1,1,1,,38,123,,,110,8,,37,123,,,,8,110,110,112,,,,1,56,4,27,56,,13,19,2,24,54,,34,17,34,,34,,12,6,12,,12,,4,2,4,,4,,255473,123,,1
top,Subpallium GABA,CN LGE GABA,Oligodendrocyte,Oligo OPALIN,Marmoset-7,Marmoset-7,CL:0000003,P0044_1,cjNutmeg,10x multiome,EFO:0030059,Marmoset,NCBI:txid9483,Adult,Brain,Brain,unknown,unknown,unknown,unknown,unknown,unknown,normal,PATO:0000461,nucleus,True,,LPLCXR_241111_1,LPLCXR_240507_1_D3,,,861,BR_PXR_240917_1,,LPLCXA_240123_1,LPLCXA_240507_1_D9,,,,BR_PXA_240917_1,SI-TT-G6_i7,SI-TT-G6_b(i5),SI-NA-E10,,,,Callithrix jacchus,CS20250428_GROUP_0025,Nonneuron,CL:0000128,Oligo|OPALIN,,He et al. 2021,D1-Matrix,D1 Islands of Calleja,STXBP6,#488edc,,CS20250428_SUBCL_0022,CL:0000128,Oligodendrocyte,,#def476,,CS20250428_CLASS_0003,CL:0000095,CN|LGE|GABA,,#d0b83c,,CS20250428_NEIGH_0002,CL:0000000,Subpallium|GABA,,#19613b,,CCTTACTCAGTTAAAG,P0044_1,,Princeton
freq,169229,116176,77842,65164,34662,34662,313033,8118,178386,313033,313033,313033,313033,313033,313033,313033,313033,313033,313033,313033,313033,313033,313033,313033,313033,313033,,62867,8118,,,8719,58245,,40874,8118,,,,58245,10003,10003,9358,,,,313033,65164,133383,74691,65164,,114786,31781,1145,62233,65164,,77842,77842,77842,,77842,,116176,91955,116176,,116176,,169229,133383,169229,,169229,,6,8118,,313033
mean,,,,,,,,,,,,,,,,,,,,,,,,,,,238913.39892918637,,,548.0128197346605,12.751518210540103,,,238891.75396843144,,,413.42689109454915,7.824437040184262,726.3703451712759,,,,,11865.848329089904,3618.330329390192,0.025044830220334668,,,,,,29.57772822673648,,,,,,,,,,18.60476371500768,,,,,,6.298728888008612,,,,,,2.115348860982708,,,,,242602.0186625691,
std,,,,,,,,,,,,,,,,,,,,,,,,,,,3703.5534905416384,,,83.22379101153705,1.4484609036938607,,,3695.391201961072,,,23.07669848284531,0.6892311435020478,488.7767972172175,,,,,10485.004962434585,1802.1446471733957,0.08342565017173632,,,,,,20.851432630111137,,,,,,,,,,12.083039175802488,,,,,,3.4815118244101315,,,,,,0.9772825673190234,,,,,5512.866659142072,
min,,,,,,,,,,,,,,,,,,,,,,,,,,,231010.0,,,368.0,9.0,,,231004.0,,,345.0,6.0,14.78,,,,,2000.0,1000.0,1.00872750863346e-06,,,,,,1.0,,,,,,,,,,1.0,,,,,,1.0,,,,,,1.0,,,,,231224.0,
25%,,,,,,,,,,,,,,,,,,,,,,,,,,,240123.0,,,496.0,12.0,,,240123.0,,,396.0,7.0,386.0,,,,,3957.0,1951.0,0.0004742250603158,,,,,,9.0,,,,,,,,,,7.0,,,,,,3.0,,,,,,1.0,,,,,240323.0,
50%,,,,,,,,,,,,,,,,,,,,,,,,,,,240508.0,,,546.0,13.0,,,240507.0,,,413.0,8.0,614.0,,,,,8715.0,3471.0,0.0011688759550452,,,,,,31.0,,,,,,,,,,21.0,,,,,,7.0,,,,,,3.0,,,,,240807.0,
75%,,,,,,,,,,,,,,,,,,,,,,,,,,,240927.0,,,582.0,14.0,,,240927.0,,,429.0,8.0,1054.0,,,,,16676.0,5008.0,0.0040457635186612,,,,,,51.0,,,,,,,,,,31.0,,,,,,10.0,,,,,,3.0,,,,,250114.0,
max,,,,,,,,,,,,,,,,,,,,,,,,,,,241114.0,,,823.0,18.0,,,241104.0,,,509.0,11.0,2520.0,,,,,99965.0,11549.0,0.842654824256897,,,,,,62.0,,,,,,,,,,36.0,,,,,,12.0,,,,,,4.0,,,,,250114.0,
