,cell_label,cell_barcode,donor_label,barcoded_cell_sample_label,library_label,alignment_job_id,doublet_score,umi_count,feature_matrix_label,dataset_label,abc_sample_id
count,1896133,1896133,1896133,1896133,1896133,1896133.0,1583100.0,1583100.0,1896133,1896133,1896133
unique,1896133,680274,22,417,417,303.0,,,1,1,1896133
top,AAACAGCCAAATGCCC-2362_A05,AGCCAGTGTGACATAT,CJ23.56.003,936_A03,L8XR_211118_02_A04,250114.0,,,HMBA-10xMultiome-BG-Aligned,HMBA-10xMultiome-BG-Aligned,38447b19-a5dc-4eca-9021-56ae191e8809
freq,1,14,178386,15121,15121,91541.0,,,1896133,1896133,1
mean,,,,,,,0.04841113769204851,17793.329936201124,,,
std,,,,,,,0.06977431010709521,16871.869926585296,,,
min,,,,,,,0.0,2000.0,,,
25%,,,,,,,0.0,5567.0,,,
50%,,,,,,,0.02,12044.0,,,
75%,,,,,,,0.0675675675675676,24204.0,,,
max,,,,,,,0.85,99999.0,,,
